SKU du produit;URL Deeplink
01017418;https://www.nexans.es/.rest/redirect/v1/product/01017418
01225010;https://www.nexans.es/.rest/redirect/v1/product/01225010
01225012;https://www.nexans.es/.rest/redirect/v1/product/01225012
01225015;https://www.nexans.es/.rest/redirect/v1/product/01225015
01225016;https://www.nexans.es/.rest/redirect/v1/product/01225016
01225017;https://www.nexans.es/.rest/redirect/v1/product/01225017
01225020;https://www.nexans.es/.rest/redirect/v1/product/01225020
01225050;https://www.nexans.es/.rest/redirect/v1/product/01225050
01225055;https://www.nexans.es/.rest/redirect/v1/product/01225055
01225057;https://www.nexans.es/.rest/redirect/v1/product/01225057
01225240;https://www.nexans.es/.rest/redirect/v1/product/01225240
01231308;https://www.nexans.es/.rest/redirect/v1/product/01231308
01238380;https://www.nexans.es/.rest/redirect/v1/product/01238380
01238385;https://www.nexans.es/.rest/redirect/v1/product/01238385
01238388;https://www.nexans.es/.rest/redirect/v1/product/01238388
01238389;https://www.nexans.es/.rest/redirect/v1/product/01238389
01238400;https://www.nexans.es/.rest/redirect/v1/product/01238400
01238405;https://www.nexans.es/.rest/redirect/v1/product/01238405
01238408;https://www.nexans.es/.rest/redirect/v1/product/01238408
01238409;https://www.nexans.es/.rest/redirect/v1/product/01238409
01248685;https://www.nexans.es/.rest/redirect/v1/product/01248685
01248984;https://www.nexans.es/.rest/redirect/v1/product/01248984
01272099;https://www.nexans.es/.rest/redirect/v1/product/01272099
01272100;https://www.nexans.es/.rest/redirect/v1/product/01272100
01272971;https://www.nexans.es/.rest/redirect/v1/product/01272971
01272972;https://www.nexans.es/.rest/redirect/v1/product/01272972
01272973;https://www.nexans.es/.rest/redirect/v1/product/01272973
01272975;https://www.nexans.es/.rest/redirect/v1/product/01272975
01272976;https://www.nexans.es/.rest/redirect/v1/product/01272976
01272977;https://www.nexans.es/.rest/redirect/v1/product/01272977
01272978;https://www.nexans.es/.rest/redirect/v1/product/01272978
01273059;https://www.nexans.es/.rest/redirect/v1/product/01273059
01273187;https://www.nexans.es/.rest/redirect/v1/product/01273187
01300410;https://www.nexans.es/.rest/redirect/v1/product/01300410
01300420;https://www.nexans.es/.rest/redirect/v1/product/01300420
01300430;https://www.nexans.es/.rest/redirect/v1/product/01300430
01300650;https://www.nexans.es/.rest/redirect/v1/product/01300650
01301220;https://www.nexans.es/.rest/redirect/v1/product/01301220
01301500;https://www.nexans.es/.rest/redirect/v1/product/01301500
01360090;https://www.nexans.es/.rest/redirect/v1/product/01360090
01360110;https://www.nexans.es/.rest/redirect/v1/product/01360110
01360120;https://www.nexans.es/.rest/redirect/v1/product/01360120
01360140;https://www.nexans.es/.rest/redirect/v1/product/01360140
01360150;https://www.nexans.es/.rest/redirect/v1/product/01360150
01360215;https://www.nexans.es/.rest/redirect/v1/product/01360215
01360243;https://www.nexans.es/.rest/redirect/v1/product/01360243
01360253;https://www.nexans.es/.rest/redirect/v1/product/01360253
01360263;https://www.nexans.es/.rest/redirect/v1/product/01360263
01360410;https://www.nexans.es/.rest/redirect/v1/product/01360410
01360420;https://www.nexans.es/.rest/redirect/v1/product/01360420
01360425;https://www.nexans.es/.rest/redirect/v1/product/01360425
01360430;https://www.nexans.es/.rest/redirect/v1/product/01360430
01360442;https://www.nexans.es/.rest/redirect/v1/product/01360442
01360453;https://www.nexans.es/.rest/redirect/v1/product/01360453
01360630;https://www.nexans.es/.rest/redirect/v1/product/01360630
01360690;https://www.nexans.es/.rest/redirect/v1/product/01360690
01360705;https://www.nexans.es/.rest/redirect/v1/product/01360705
01360815;https://www.nexans.es/.rest/redirect/v1/product/01360815
01360825;https://www.nexans.es/.rest/redirect/v1/product/01360825
01360830;https://www.nexans.es/.rest/redirect/v1/product/01360830
01360843;https://www.nexans.es/.rest/redirect/v1/product/01360843
01360853;https://www.nexans.es/.rest/redirect/v1/product/01360853
01360895;https://www.nexans.es/.rest/redirect/v1/product/01360895
01362090;https://www.nexans.es/.rest/redirect/v1/product/01362090
01362100;https://www.nexans.es/.rest/redirect/v1/product/01362100
01362110;https://www.nexans.es/.rest/redirect/v1/product/01362110
01362120;https://www.nexans.es/.rest/redirect/v1/product/01362120
01362150;https://www.nexans.es/.rest/redirect/v1/product/01362150
01362160;https://www.nexans.es/.rest/redirect/v1/product/01362160
01362680;https://www.nexans.es/.rest/redirect/v1/product/01362680
01362690;https://www.nexans.es/.rest/redirect/v1/product/01362690
01382563;https://www.nexans.es/.rest/redirect/v1/product/01382563
01383643;https://www.nexans.es/.rest/redirect/v1/product/01383643
01383665;https://www.nexans.es/.rest/redirect/v1/product/01383665
01383670;https://www.nexans.es/.rest/redirect/v1/product/01383670
01394703;https://www.nexans.es/.rest/redirect/v1/product/01394703
01394704;https://www.nexans.es/.rest/redirect/v1/product/01394704
01394705;https://www.nexans.es/.rest/redirect/v1/product/01394705
01394706;https://www.nexans.es/.rest/redirect/v1/product/01394706
01394707;https://www.nexans.es/.rest/redirect/v1/product/01394707
01394708;https://www.nexans.es/.rest/redirect/v1/product/01394708
01394709;https://www.nexans.es/.rest/redirect/v1/product/01394709
01394710;https://www.nexans.es/.rest/redirect/v1/product/01394710
01394711;https://www.nexans.es/.rest/redirect/v1/product/01394711
01394712;https://www.nexans.es/.rest/redirect/v1/product/01394712
01394719;https://www.nexans.es/.rest/redirect/v1/product/01394719
01394723;https://www.nexans.es/.rest/redirect/v1/product/01394723
01394726;https://www.nexans.es/.rest/redirect/v1/product/01394726
01394727;https://www.nexans.es/.rest/redirect/v1/product/01394727
01394731;https://www.nexans.es/.rest/redirect/v1/product/01394731
01394734;https://www.nexans.es/.rest/redirect/v1/product/01394734
01394738;https://www.nexans.es/.rest/redirect/v1/product/01394738
01394742;https://www.nexans.es/.rest/redirect/v1/product/01394742
01394744;https://www.nexans.es/.rest/redirect/v1/product/01394744
01394745;https://www.nexans.es/.rest/redirect/v1/product/01394745
01394746;https://www.nexans.es/.rest/redirect/v1/product/01394746
01394752;https://www.nexans.es/.rest/redirect/v1/product/01394752
01394754;https://www.nexans.es/.rest/redirect/v1/product/01394754
01394758;https://www.nexans.es/.rest/redirect/v1/product/01394758
01394762;https://www.nexans.es/.rest/redirect/v1/product/01394762
01394766;https://www.nexans.es/.rest/redirect/v1/product/01394766
01394768;https://www.nexans.es/.rest/redirect/v1/product/01394768
01394769;https://www.nexans.es/.rest/redirect/v1/product/01394769
01394770;https://www.nexans.es/.rest/redirect/v1/product/01394770
01394771;https://www.nexans.es/.rest/redirect/v1/product/01394771
01394777;https://www.nexans.es/.rest/redirect/v1/product/01394777
01394781;https://www.nexans.es/.rest/redirect/v1/product/01394781
01394787;https://www.nexans.es/.rest/redirect/v1/product/01394787
01394791;https://www.nexans.es/.rest/redirect/v1/product/01394791
01394793;https://www.nexans.es/.rest/redirect/v1/product/01394793
01394794;https://www.nexans.es/.rest/redirect/v1/product/01394794
01394795;https://www.nexans.es/.rest/redirect/v1/product/01394795
01394797;https://www.nexans.es/.rest/redirect/v1/product/01394797
01397006;https://www.nexans.es/.rest/redirect/v1/product/01397006
01397007;https://www.nexans.es/.rest/redirect/v1/product/01397007
01397008;https://www.nexans.es/.rest/redirect/v1/product/01397008
01397013;https://www.nexans.es/.rest/redirect/v1/product/01397013
01397014;https://www.nexans.es/.rest/redirect/v1/product/01397014
01397015;https://www.nexans.es/.rest/redirect/v1/product/01397015
01397021;https://www.nexans.es/.rest/redirect/v1/product/01397021
01397024;https://www.nexans.es/.rest/redirect/v1/product/01397024
01397155;https://www.nexans.es/.rest/redirect/v1/product/01397155
01397165;https://www.nexans.es/.rest/redirect/v1/product/01397165
01397175;https://www.nexans.es/.rest/redirect/v1/product/01397175
01397251;https://www.nexans.es/.rest/redirect/v1/product/01397251
01397515;https://www.nexans.es/.rest/redirect/v1/product/01397515
01397735;https://www.nexans.es/.rest/redirect/v1/product/01397735
01397895;https://www.nexans.es/.rest/redirect/v1/product/01397895
10001442;https://www.nexans.es/.rest/redirect/v1/product/10001442
10007921;https://www.nexans.es/.rest/redirect/v1/product/10007921
10007922;https://www.nexans.es/.rest/redirect/v1/product/10007922
10007924;https://www.nexans.es/.rest/redirect/v1/product/10007924
10007927;https://www.nexans.es/.rest/redirect/v1/product/10007927
10007930;https://www.nexans.es/.rest/redirect/v1/product/10007930
10007932;https://www.nexans.es/.rest/redirect/v1/product/10007932
10007934;https://www.nexans.es/.rest/redirect/v1/product/10007934
10012908;https://www.nexans.es/.rest/redirect/v1/product/10012908
10012956;https://www.nexans.es/.rest/redirect/v1/product/10012956
10012978;https://www.nexans.es/.rest/redirect/v1/product/10012978
10012979;https://www.nexans.es/.rest/redirect/v1/product/10012979
10012985;https://www.nexans.es/.rest/redirect/v1/product/10012985
10013003;https://www.nexans.es/.rest/redirect/v1/product/10013003
10013004;https://www.nexans.es/.rest/redirect/v1/product/10013004
10013031;https://www.nexans.es/.rest/redirect/v1/product/10013031
10013033;https://www.nexans.es/.rest/redirect/v1/product/10013033
10013034;https://www.nexans.es/.rest/redirect/v1/product/10013034
10013059;https://www.nexans.es/.rest/redirect/v1/product/10013059
10013071;https://www.nexans.es/.rest/redirect/v1/product/10013071
10013072;https://www.nexans.es/.rest/redirect/v1/product/10013072
10013073;https://www.nexans.es/.rest/redirect/v1/product/10013073
10013092;https://www.nexans.es/.rest/redirect/v1/product/10013092
10013093;https://www.nexans.es/.rest/redirect/v1/product/10013093
10013121;https://www.nexans.es/.rest/redirect/v1/product/10013121
10013123;https://www.nexans.es/.rest/redirect/v1/product/10013123
10013338;https://www.nexans.es/.rest/redirect/v1/product/10013338
10013343;https://www.nexans.es/.rest/redirect/v1/product/10013343
10013411;https://www.nexans.es/.rest/redirect/v1/product/10013411
10024913;https://www.nexans.es/.rest/redirect/v1/product/10024913
10043664;https://www.nexans.es/.rest/redirect/v1/product/10043664
10043666;https://www.nexans.es/.rest/redirect/v1/product/10043666
10043670;https://www.nexans.es/.rest/redirect/v1/product/10043670
10043672;https://www.nexans.es/.rest/redirect/v1/product/10043672
10043724;https://www.nexans.es/.rest/redirect/v1/product/10043724
10043725;https://www.nexans.es/.rest/redirect/v1/product/10043725
10043726;https://www.nexans.es/.rest/redirect/v1/product/10043726
10043727;https://www.nexans.es/.rest/redirect/v1/product/10043727
10043728;https://www.nexans.es/.rest/redirect/v1/product/10043728
10043729;https://www.nexans.es/.rest/redirect/v1/product/10043729
10043733;https://www.nexans.es/.rest/redirect/v1/product/10043733
10043734;https://www.nexans.es/.rest/redirect/v1/product/10043734
10043735;https://www.nexans.es/.rest/redirect/v1/product/10043735
10043739;https://www.nexans.es/.rest/redirect/v1/product/10043739
10043740;https://www.nexans.es/.rest/redirect/v1/product/10043740
10043741;https://www.nexans.es/.rest/redirect/v1/product/10043741
10043752;https://www.nexans.es/.rest/redirect/v1/product/10043752
10043826;https://www.nexans.es/.rest/redirect/v1/product/10043826
10043827;https://www.nexans.es/.rest/redirect/v1/product/10043827
10043829;https://www.nexans.es/.rest/redirect/v1/product/10043829
10043855;https://www.nexans.es/.rest/redirect/v1/product/10043855
10043857;https://www.nexans.es/.rest/redirect/v1/product/10043857
10043879;https://www.nexans.es/.rest/redirect/v1/product/10043879
10043881;https://www.nexans.es/.rest/redirect/v1/product/10043881
10043882;https://www.nexans.es/.rest/redirect/v1/product/10043882
10043888;https://www.nexans.es/.rest/redirect/v1/product/10043888
10043896;https://www.nexans.es/.rest/redirect/v1/product/10043896
10043897;https://www.nexans.es/.rest/redirect/v1/product/10043897
10043898;https://www.nexans.es/.rest/redirect/v1/product/10043898
10043899;https://www.nexans.es/.rest/redirect/v1/product/10043899
10043908;https://www.nexans.es/.rest/redirect/v1/product/10043908
10043910;https://www.nexans.es/.rest/redirect/v1/product/10043910
10043911;https://www.nexans.es/.rest/redirect/v1/product/10043911
10043912;https://www.nexans.es/.rest/redirect/v1/product/10043912
10043914;https://www.nexans.es/.rest/redirect/v1/product/10043914
10043915;https://www.nexans.es/.rest/redirect/v1/product/10043915
10043916;https://www.nexans.es/.rest/redirect/v1/product/10043916
10043919;https://www.nexans.es/.rest/redirect/v1/product/10043919
10043925;https://www.nexans.es/.rest/redirect/v1/product/10043925
10043931;https://www.nexans.es/.rest/redirect/v1/product/10043931
10043933;https://www.nexans.es/.rest/redirect/v1/product/10043933
10043935;https://www.nexans.es/.rest/redirect/v1/product/10043935
10043939;https://www.nexans.es/.rest/redirect/v1/product/10043939
10043941;https://www.nexans.es/.rest/redirect/v1/product/10043941
10043943;https://www.nexans.es/.rest/redirect/v1/product/10043943
10043945;https://www.nexans.es/.rest/redirect/v1/product/10043945
10043983;https://www.nexans.es/.rest/redirect/v1/product/10043983
10043984;https://www.nexans.es/.rest/redirect/v1/product/10043984
10043985;https://www.nexans.es/.rest/redirect/v1/product/10043985
10043986;https://www.nexans.es/.rest/redirect/v1/product/10043986
10043987;https://www.nexans.es/.rest/redirect/v1/product/10043987
10043990;https://www.nexans.es/.rest/redirect/v1/product/10043990
10043991;https://www.nexans.es/.rest/redirect/v1/product/10043991
10043994;https://www.nexans.es/.rest/redirect/v1/product/10043994
10044942;https://www.nexans.es/.rest/redirect/v1/product/10044942
10045048;https://www.nexans.es/.rest/redirect/v1/product/10045048
10046454;https://www.nexans.es/.rest/redirect/v1/product/10046454
10046462;https://www.nexans.es/.rest/redirect/v1/product/10046462
10046478;https://www.nexans.es/.rest/redirect/v1/product/10046478
10046484;https://www.nexans.es/.rest/redirect/v1/product/10046484
10049225;https://www.nexans.es/.rest/redirect/v1/product/10049225
10049226;https://www.nexans.es/.rest/redirect/v1/product/10049226
10049228;https://www.nexans.es/.rest/redirect/v1/product/10049228
10049230;https://www.nexans.es/.rest/redirect/v1/product/10049230
10049231;https://www.nexans.es/.rest/redirect/v1/product/10049231
10049232;https://www.nexans.es/.rest/redirect/v1/product/10049232
10049233;https://www.nexans.es/.rest/redirect/v1/product/10049233
10049234;https://www.nexans.es/.rest/redirect/v1/product/10049234
10049236;https://www.nexans.es/.rest/redirect/v1/product/10049236
10049237;https://www.nexans.es/.rest/redirect/v1/product/10049237
10049355;https://www.nexans.es/.rest/redirect/v1/product/10049355
10049356;https://www.nexans.es/.rest/redirect/v1/product/10049356
10049357;https://www.nexans.es/.rest/redirect/v1/product/10049357
10051224;https://www.nexans.es/.rest/redirect/v1/product/10051224
10055506;https://www.nexans.es/.rest/redirect/v1/product/10055506
10055509;https://www.nexans.es/.rest/redirect/v1/product/10055509
10055514;https://www.nexans.es/.rest/redirect/v1/product/10055514
10055517;https://www.nexans.es/.rest/redirect/v1/product/10055517
10055519;https://www.nexans.es/.rest/redirect/v1/product/10055519
10055523;https://www.nexans.es/.rest/redirect/v1/product/10055523
10055530;https://www.nexans.es/.rest/redirect/v1/product/10055530
10055535;https://www.nexans.es/.rest/redirect/v1/product/10055535
10055537;https://www.nexans.es/.rest/redirect/v1/product/10055537
10055541;https://www.nexans.es/.rest/redirect/v1/product/10055541
10055547;https://www.nexans.es/.rest/redirect/v1/product/10055547
10055551;https://www.nexans.es/.rest/redirect/v1/product/10055551
10055555;https://www.nexans.es/.rest/redirect/v1/product/10055555
10055558;https://www.nexans.es/.rest/redirect/v1/product/10055558
10055560;https://www.nexans.es/.rest/redirect/v1/product/10055560
10055564;https://www.nexans.es/.rest/redirect/v1/product/10055564
10055571;https://www.nexans.es/.rest/redirect/v1/product/10055571
10055573;https://www.nexans.es/.rest/redirect/v1/product/10055573
10055574;https://www.nexans.es/.rest/redirect/v1/product/10055574
10055577;https://www.nexans.es/.rest/redirect/v1/product/10055577
10055580;https://www.nexans.es/.rest/redirect/v1/product/10055580
10055582;https://www.nexans.es/.rest/redirect/v1/product/10055582
10055584;https://www.nexans.es/.rest/redirect/v1/product/10055584
10055586;https://www.nexans.es/.rest/redirect/v1/product/10055586
10055588;https://www.nexans.es/.rest/redirect/v1/product/10055588
10055590;https://www.nexans.es/.rest/redirect/v1/product/10055590
10055591;https://www.nexans.es/.rest/redirect/v1/product/10055591
10055592;https://www.nexans.es/.rest/redirect/v1/product/10055592
10055593;https://www.nexans.es/.rest/redirect/v1/product/10055593
10055594;https://www.nexans.es/.rest/redirect/v1/product/10055594
10055597;https://www.nexans.es/.rest/redirect/v1/product/10055597
10055600;https://www.nexans.es/.rest/redirect/v1/product/10055600
10055602;https://www.nexans.es/.rest/redirect/v1/product/10055602
10055605;https://www.nexans.es/.rest/redirect/v1/product/10055605
10055609;https://www.nexans.es/.rest/redirect/v1/product/10055609
10055611;https://www.nexans.es/.rest/redirect/v1/product/10055611
10055614;https://www.nexans.es/.rest/redirect/v1/product/10055614
10055615;https://www.nexans.es/.rest/redirect/v1/product/10055615
10055616;https://www.nexans.es/.rest/redirect/v1/product/10055616
10055618;https://www.nexans.es/.rest/redirect/v1/product/10055618
10055619;https://www.nexans.es/.rest/redirect/v1/product/10055619
10055620;https://www.nexans.es/.rest/redirect/v1/product/10055620
10055621;https://www.nexans.es/.rest/redirect/v1/product/10055621
10055624;https://www.nexans.es/.rest/redirect/v1/product/10055624
10055627;https://www.nexans.es/.rest/redirect/v1/product/10055627
10055634;https://www.nexans.es/.rest/redirect/v1/product/10055634
10055635;https://www.nexans.es/.rest/redirect/v1/product/10055635
10055636;https://www.nexans.es/.rest/redirect/v1/product/10055636
10055637;https://www.nexans.es/.rest/redirect/v1/product/10055637
10055640;https://www.nexans.es/.rest/redirect/v1/product/10055640
10055642;https://www.nexans.es/.rest/redirect/v1/product/10055642
10055643;https://www.nexans.es/.rest/redirect/v1/product/10055643
10055645;https://www.nexans.es/.rest/redirect/v1/product/10055645
10055646;https://www.nexans.es/.rest/redirect/v1/product/10055646
10055647;https://www.nexans.es/.rest/redirect/v1/product/10055647
10055648;https://www.nexans.es/.rest/redirect/v1/product/10055648
10055649;https://www.nexans.es/.rest/redirect/v1/product/10055649
10055652;https://www.nexans.es/.rest/redirect/v1/product/10055652
10055653;https://www.nexans.es/.rest/redirect/v1/product/10055653
10055675;https://www.nexans.es/.rest/redirect/v1/product/10055675
10055676;https://www.nexans.es/.rest/redirect/v1/product/10055676
10055799;https://www.nexans.es/.rest/redirect/v1/product/10055799
10055800;https://www.nexans.es/.rest/redirect/v1/product/10055800
10056293;https://www.nexans.es/.rest/redirect/v1/product/10056293
10056295;https://www.nexans.es/.rest/redirect/v1/product/10056295
10056705;https://www.nexans.es/.rest/redirect/v1/product/10056705
10056799;https://www.nexans.es/.rest/redirect/v1/product/10056799
10057551;https://www.nexans.es/.rest/redirect/v1/product/10057551
10057552;https://www.nexans.es/.rest/redirect/v1/product/10057552
10057559;https://www.nexans.es/.rest/redirect/v1/product/10057559
10058173;https://www.nexans.es/.rest/redirect/v1/product/10058173
10059686;https://www.nexans.es/.rest/redirect/v1/product/10059686
10059687;https://www.nexans.es/.rest/redirect/v1/product/10059687
10059688;https://www.nexans.es/.rest/redirect/v1/product/10059688
10059784;https://www.nexans.es/.rest/redirect/v1/product/10059784
10059891;https://www.nexans.es/.rest/redirect/v1/product/10059891
10059892;https://www.nexans.es/.rest/redirect/v1/product/10059892
10059894;https://www.nexans.es/.rest/redirect/v1/product/10059894
10059896;https://www.nexans.es/.rest/redirect/v1/product/10059896
10059899;https://www.nexans.es/.rest/redirect/v1/product/10059899
10059901;https://www.nexans.es/.rest/redirect/v1/product/10059901
10059902;https://www.nexans.es/.rest/redirect/v1/product/10059902
10059903;https://www.nexans.es/.rest/redirect/v1/product/10059903
10059905;https://www.nexans.es/.rest/redirect/v1/product/10059905
10059907;https://www.nexans.es/.rest/redirect/v1/product/10059907
10059908;https://www.nexans.es/.rest/redirect/v1/product/10059908
10059910;https://www.nexans.es/.rest/redirect/v1/product/10059910
10059912;https://www.nexans.es/.rest/redirect/v1/product/10059912
10059913;https://www.nexans.es/.rest/redirect/v1/product/10059913
10059973;https://www.nexans.es/.rest/redirect/v1/product/10059973
10059974;https://www.nexans.es/.rest/redirect/v1/product/10059974
10059975;https://www.nexans.es/.rest/redirect/v1/product/10059975
10059976;https://www.nexans.es/.rest/redirect/v1/product/10059976
10059977;https://www.nexans.es/.rest/redirect/v1/product/10059977
10059978;https://www.nexans.es/.rest/redirect/v1/product/10059978
10059979;https://www.nexans.es/.rest/redirect/v1/product/10059979
10059980;https://www.nexans.es/.rest/redirect/v1/product/10059980
10059981;https://www.nexans.es/.rest/redirect/v1/product/10059981
10059982;https://www.nexans.es/.rest/redirect/v1/product/10059982
10059983;https://www.nexans.es/.rest/redirect/v1/product/10059983
10059984;https://www.nexans.es/.rest/redirect/v1/product/10059984
10059985;https://www.nexans.es/.rest/redirect/v1/product/10059985
10059986;https://www.nexans.es/.rest/redirect/v1/product/10059986
10059987;https://www.nexans.es/.rest/redirect/v1/product/10059987
10059988;https://www.nexans.es/.rest/redirect/v1/product/10059988
10059989;https://www.nexans.es/.rest/redirect/v1/product/10059989
10059990;https://www.nexans.es/.rest/redirect/v1/product/10059990
10059991;https://www.nexans.es/.rest/redirect/v1/product/10059991
10059992;https://www.nexans.es/.rest/redirect/v1/product/10059992
10059993;https://www.nexans.es/.rest/redirect/v1/product/10059993
10059994;https://www.nexans.es/.rest/redirect/v1/product/10059994
10059995;https://www.nexans.es/.rest/redirect/v1/product/10059995
10059996;https://www.nexans.es/.rest/redirect/v1/product/10059996
10059998;https://www.nexans.es/.rest/redirect/v1/product/10059998
10059999;https://www.nexans.es/.rest/redirect/v1/product/10059999
10060000;https://www.nexans.es/.rest/redirect/v1/product/10060000
10060001;https://www.nexans.es/.rest/redirect/v1/product/10060001
10060002;https://www.nexans.es/.rest/redirect/v1/product/10060002
10060003;https://www.nexans.es/.rest/redirect/v1/product/10060003
10060004;https://www.nexans.es/.rest/redirect/v1/product/10060004
10060005;https://www.nexans.es/.rest/redirect/v1/product/10060005
10061707;https://www.nexans.es/.rest/redirect/v1/product/10061707
10061708;https://www.nexans.es/.rest/redirect/v1/product/10061708
10061709;https://www.nexans.es/.rest/redirect/v1/product/10061709
10061710;https://www.nexans.es/.rest/redirect/v1/product/10061710
10061711;https://www.nexans.es/.rest/redirect/v1/product/10061711
10062887;https://www.nexans.es/.rest/redirect/v1/product/10062887
10063711;https://www.nexans.es/.rest/redirect/v1/product/10063711
10064916;https://www.nexans.es/.rest/redirect/v1/product/10064916
10065290;https://www.nexans.es/.rest/redirect/v1/product/10065290
10065336;https://www.nexans.es/.rest/redirect/v1/product/10065336
10065394;https://www.nexans.es/.rest/redirect/v1/product/10065394
10065399;https://www.nexans.es/.rest/redirect/v1/product/10065399
10065488;https://www.nexans.es/.rest/redirect/v1/product/10065488
10070574;https://www.nexans.es/.rest/redirect/v1/product/10070574
10072535;https://www.nexans.es/.rest/redirect/v1/product/10072535
10072536;https://www.nexans.es/.rest/redirect/v1/product/10072536
10072537;https://www.nexans.es/.rest/redirect/v1/product/10072537
10072538;https://www.nexans.es/.rest/redirect/v1/product/10072538
10072539;https://www.nexans.es/.rest/redirect/v1/product/10072539
10072540;https://www.nexans.es/.rest/redirect/v1/product/10072540
10072541;https://www.nexans.es/.rest/redirect/v1/product/10072541
10072542;https://www.nexans.es/.rest/redirect/v1/product/10072542
10072543;https://www.nexans.es/.rest/redirect/v1/product/10072543
10072544;https://www.nexans.es/.rest/redirect/v1/product/10072544
10072545;https://www.nexans.es/.rest/redirect/v1/product/10072545
10072546;https://www.nexans.es/.rest/redirect/v1/product/10072546
10072547;https://www.nexans.es/.rest/redirect/v1/product/10072547
10072548;https://www.nexans.es/.rest/redirect/v1/product/10072548
10072549;https://www.nexans.es/.rest/redirect/v1/product/10072549
10082374;https://www.nexans.es/.rest/redirect/v1/product/10082374
10082375;https://www.nexans.es/.rest/redirect/v1/product/10082375
10082378;https://www.nexans.es/.rest/redirect/v1/product/10082378
10082379;https://www.nexans.es/.rest/redirect/v1/product/10082379
10082421;https://www.nexans.es/.rest/redirect/v1/product/10082421
10082456;https://www.nexans.es/.rest/redirect/v1/product/10082456
10082472;https://www.nexans.es/.rest/redirect/v1/product/10082472
10082473;https://www.nexans.es/.rest/redirect/v1/product/10082473
10082474;https://www.nexans.es/.rest/redirect/v1/product/10082474
10082477;https://www.nexans.es/.rest/redirect/v1/product/10082477
10082478;https://www.nexans.es/.rest/redirect/v1/product/10082478
10082484;https://www.nexans.es/.rest/redirect/v1/product/10082484
10082485;https://www.nexans.es/.rest/redirect/v1/product/10082485
10083708;https://www.nexans.es/.rest/redirect/v1/product/10083708
10085629;https://www.nexans.es/.rest/redirect/v1/product/10085629
10085630;https://www.nexans.es/.rest/redirect/v1/product/10085630
10085739;https://www.nexans.es/.rest/redirect/v1/product/10085739
10085743;https://www.nexans.es/.rest/redirect/v1/product/10085743
10085791;https://www.nexans.es/.rest/redirect/v1/product/10085791
10085792;https://www.nexans.es/.rest/redirect/v1/product/10085792
10085793;https://www.nexans.es/.rest/redirect/v1/product/10085793
10085810;https://www.nexans.es/.rest/redirect/v1/product/10085810
10085984;https://www.nexans.es/.rest/redirect/v1/product/10085984
10086306;https://www.nexans.es/.rest/redirect/v1/product/10086306
10086307;https://www.nexans.es/.rest/redirect/v1/product/10086307
10086308;https://www.nexans.es/.rest/redirect/v1/product/10086308
10086311;https://www.nexans.es/.rest/redirect/v1/product/10086311
10086320;https://www.nexans.es/.rest/redirect/v1/product/10086320
10086321;https://www.nexans.es/.rest/redirect/v1/product/10086321
10086323;https://www.nexans.es/.rest/redirect/v1/product/10086323
10086414;https://www.nexans.es/.rest/redirect/v1/product/10086414
10086464;https://www.nexans.es/.rest/redirect/v1/product/10086464
10086466;https://www.nexans.es/.rest/redirect/v1/product/10086466
10086467;https://www.nexans.es/.rest/redirect/v1/product/10086467
10086470;https://www.nexans.es/.rest/redirect/v1/product/10086470
10086471;https://www.nexans.es/.rest/redirect/v1/product/10086471
10086472;https://www.nexans.es/.rest/redirect/v1/product/10086472
10086473;https://www.nexans.es/.rest/redirect/v1/product/10086473
10086486;https://www.nexans.es/.rest/redirect/v1/product/10086486
10086492;https://www.nexans.es/.rest/redirect/v1/product/10086492
10086493;https://www.nexans.es/.rest/redirect/v1/product/10086493
10087602;https://www.nexans.es/.rest/redirect/v1/product/10087602
10093174;https://www.nexans.es/.rest/redirect/v1/product/10093174
10093175;https://www.nexans.es/.rest/redirect/v1/product/10093175
10093176;https://www.nexans.es/.rest/redirect/v1/product/10093176
10093178;https://www.nexans.es/.rest/redirect/v1/product/10093178
10093179;https://www.nexans.es/.rest/redirect/v1/product/10093179
10093181;https://www.nexans.es/.rest/redirect/v1/product/10093181
10093183;https://www.nexans.es/.rest/redirect/v1/product/10093183
10093185;https://www.nexans.es/.rest/redirect/v1/product/10093185
10093187;https://www.nexans.es/.rest/redirect/v1/product/10093187
10093188;https://www.nexans.es/.rest/redirect/v1/product/10093188
10094106;https://www.nexans.es/.rest/redirect/v1/product/10094106
10097989;https://www.nexans.es/.rest/redirect/v1/product/10097989
10097990;https://www.nexans.es/.rest/redirect/v1/product/10097990
10097991;https://www.nexans.es/.rest/redirect/v1/product/10097991
10099235;https://www.nexans.es/.rest/redirect/v1/product/10099235
10099305;https://www.nexans.es/.rest/redirect/v1/product/10099305
10099306;https://www.nexans.es/.rest/redirect/v1/product/10099306
10099933;https://www.nexans.es/.rest/redirect/v1/product/10099933
10100014;https://www.nexans.es/.rest/redirect/v1/product/10100014
10100015;https://www.nexans.es/.rest/redirect/v1/product/10100015
10103814;https://www.nexans.es/.rest/redirect/v1/product/10103814
10114141;https://www.nexans.es/.rest/redirect/v1/product/10114141
10120712;https://www.nexans.es/.rest/redirect/v1/product/10120712
10127297;https://www.nexans.es/.rest/redirect/v1/product/10127297
10128233;https://www.nexans.es/.rest/redirect/v1/product/10128233
10128264;https://www.nexans.es/.rest/redirect/v1/product/10128264
10128265;https://www.nexans.es/.rest/redirect/v1/product/10128265
10128416;https://www.nexans.es/.rest/redirect/v1/product/10128416
10130876;https://www.nexans.es/.rest/redirect/v1/product/10130876
10131099;https://www.nexans.es/.rest/redirect/v1/product/10131099
10132522;https://www.nexans.es/.rest/redirect/v1/product/10132522
10132977;https://www.nexans.es/.rest/redirect/v1/product/10132977
10135991;https://www.nexans.es/.rest/redirect/v1/product/10135991
10140595;https://www.nexans.es/.rest/redirect/v1/product/10140595
10143455;https://www.nexans.es/.rest/redirect/v1/product/10143455
10148752;https://www.nexans.es/.rest/redirect/v1/product/10148752
10148753;https://www.nexans.es/.rest/redirect/v1/product/10148753
10148754;https://www.nexans.es/.rest/redirect/v1/product/10148754
10148755;https://www.nexans.es/.rest/redirect/v1/product/10148755
10148756;https://www.nexans.es/.rest/redirect/v1/product/10148756
10148757;https://www.nexans.es/.rest/redirect/v1/product/10148757
10148758;https://www.nexans.es/.rest/redirect/v1/product/10148758
10148759;https://www.nexans.es/.rest/redirect/v1/product/10148759
10148760;https://www.nexans.es/.rest/redirect/v1/product/10148760
10148762;https://www.nexans.es/.rest/redirect/v1/product/10148762
10148763;https://www.nexans.es/.rest/redirect/v1/product/10148763
10148766;https://www.nexans.es/.rest/redirect/v1/product/10148766
10148769;https://www.nexans.es/.rest/redirect/v1/product/10148769
10148770;https://www.nexans.es/.rest/redirect/v1/product/10148770
10148771;https://www.nexans.es/.rest/redirect/v1/product/10148771
10148772;https://www.nexans.es/.rest/redirect/v1/product/10148772
10148773;https://www.nexans.es/.rest/redirect/v1/product/10148773
10148777;https://www.nexans.es/.rest/redirect/v1/product/10148777
10148778;https://www.nexans.es/.rest/redirect/v1/product/10148778
10148779;https://www.nexans.es/.rest/redirect/v1/product/10148779
10148780;https://www.nexans.es/.rest/redirect/v1/product/10148780
10148781;https://www.nexans.es/.rest/redirect/v1/product/10148781
10148807;https://www.nexans.es/.rest/redirect/v1/product/10148807
10148814;https://www.nexans.es/.rest/redirect/v1/product/10148814
10148822;https://www.nexans.es/.rest/redirect/v1/product/10148822
10148823;https://www.nexans.es/.rest/redirect/v1/product/10148823
10148824;https://www.nexans.es/.rest/redirect/v1/product/10148824
10148825;https://www.nexans.es/.rest/redirect/v1/product/10148825
10148826;https://www.nexans.es/.rest/redirect/v1/product/10148826
10148827;https://www.nexans.es/.rest/redirect/v1/product/10148827
10148828;https://www.nexans.es/.rest/redirect/v1/product/10148828
10148829;https://www.nexans.es/.rest/redirect/v1/product/10148829
10148830;https://www.nexans.es/.rest/redirect/v1/product/10148830
10148869;https://www.nexans.es/.rest/redirect/v1/product/10148869
10148870;https://www.nexans.es/.rest/redirect/v1/product/10148870
10148871;https://www.nexans.es/.rest/redirect/v1/product/10148871
10148872;https://www.nexans.es/.rest/redirect/v1/product/10148872
10148873;https://www.nexans.es/.rest/redirect/v1/product/10148873
10148874;https://www.nexans.es/.rest/redirect/v1/product/10148874
10148875;https://www.nexans.es/.rest/redirect/v1/product/10148875
10148876;https://www.nexans.es/.rest/redirect/v1/product/10148876
10148877;https://www.nexans.es/.rest/redirect/v1/product/10148877
10148885;https://www.nexans.es/.rest/redirect/v1/product/10148885
10148886;https://www.nexans.es/.rest/redirect/v1/product/10148886
10148891;https://www.nexans.es/.rest/redirect/v1/product/10148891
10148947;https://www.nexans.es/.rest/redirect/v1/product/10148947
10148986;https://www.nexans.es/.rest/redirect/v1/product/10148986
10148995;https://www.nexans.es/.rest/redirect/v1/product/10148995
10162914;https://www.nexans.es/.rest/redirect/v1/product/10162914
10164296;https://www.nexans.es/.rest/redirect/v1/product/10164296
10164297;https://www.nexans.es/.rest/redirect/v1/product/10164297
10187643;https://www.nexans.es/.rest/redirect/v1/product/10187643
10189494;https://www.nexans.es/.rest/redirect/v1/product/10189494
10189495;https://www.nexans.es/.rest/redirect/v1/product/10189495
10191044;https://www.nexans.es/.rest/redirect/v1/product/10191044
10191259;https://www.nexans.es/.rest/redirect/v1/product/10191259
10195655;https://www.nexans.es/.rest/redirect/v1/product/10195655
10196368;https://www.nexans.es/.rest/redirect/v1/product/10196368
10196369;https://www.nexans.es/.rest/redirect/v1/product/10196369
10196370;https://www.nexans.es/.rest/redirect/v1/product/10196370
10198066;https://www.nexans.es/.rest/redirect/v1/product/10198066
10203025;https://www.nexans.es/.rest/redirect/v1/product/10203025
10206374;https://www.nexans.es/.rest/redirect/v1/product/10206374
10209275;https://www.nexans.es/.rest/redirect/v1/product/10209275
10225236;https://www.nexans.es/.rest/redirect/v1/product/10225236
10230774;https://www.nexans.es/.rest/redirect/v1/product/10230774
10235337;https://www.nexans.es/.rest/redirect/v1/product/10235337
10238424;https://www.nexans.es/.rest/redirect/v1/product/10238424
10243269;https://www.nexans.es/.rest/redirect/v1/product/10243269
10243320;https://www.nexans.es/.rest/redirect/v1/product/10243320
10243492;https://www.nexans.es/.rest/redirect/v1/product/10243492
10254631;https://www.nexans.es/.rest/redirect/v1/product/10254631
10254632;https://www.nexans.es/.rest/redirect/v1/product/10254632
10254633;https://www.nexans.es/.rest/redirect/v1/product/10254633
10254644;https://www.nexans.es/.rest/redirect/v1/product/10254644
10255482;https://www.nexans.es/.rest/redirect/v1/product/10255482
10255505;https://www.nexans.es/.rest/redirect/v1/product/10255505
10256714;https://www.nexans.es/.rest/redirect/v1/product/10256714
10260128;https://www.nexans.es/.rest/redirect/v1/product/10260128
10265219;https://www.nexans.es/.rest/redirect/v1/product/10265219
10266053;https://www.nexans.es/.rest/redirect/v1/product/10266053
10266130;https://www.nexans.es/.rest/redirect/v1/product/10266130
10266911;https://www.nexans.es/.rest/redirect/v1/product/10266911
10266912;https://www.nexans.es/.rest/redirect/v1/product/10266912
10268952;https://www.nexans.es/.rest/redirect/v1/product/10268952
10269179;https://www.nexans.es/.rest/redirect/v1/product/10269179
10269950;https://www.nexans.es/.rest/redirect/v1/product/10269950
10269951;https://www.nexans.es/.rest/redirect/v1/product/10269951
10269963;https://www.nexans.es/.rest/redirect/v1/product/10269963
10269974;https://www.nexans.es/.rest/redirect/v1/product/10269974
10269975;https://www.nexans.es/.rest/redirect/v1/product/10269975
10269976;https://www.nexans.es/.rest/redirect/v1/product/10269976
10269977;https://www.nexans.es/.rest/redirect/v1/product/10269977
10269978;https://www.nexans.es/.rest/redirect/v1/product/10269978
10269981;https://www.nexans.es/.rest/redirect/v1/product/10269981
10269982;https://www.nexans.es/.rest/redirect/v1/product/10269982
10269983;https://www.nexans.es/.rest/redirect/v1/product/10269983
10269984;https://www.nexans.es/.rest/redirect/v1/product/10269984
10269985;https://www.nexans.es/.rest/redirect/v1/product/10269985
10270106;https://www.nexans.es/.rest/redirect/v1/product/10270106
10270107;https://www.nexans.es/.rest/redirect/v1/product/10270107
10270109;https://www.nexans.es/.rest/redirect/v1/product/10270109
10270110;https://www.nexans.es/.rest/redirect/v1/product/10270110
10270111;https://www.nexans.es/.rest/redirect/v1/product/10270111
10270112;https://www.nexans.es/.rest/redirect/v1/product/10270112
10270114;https://www.nexans.es/.rest/redirect/v1/product/10270114
10270884;https://www.nexans.es/.rest/redirect/v1/product/10270884
10270888;https://www.nexans.es/.rest/redirect/v1/product/10270888
10270889;https://www.nexans.es/.rest/redirect/v1/product/10270889
10270890;https://www.nexans.es/.rest/redirect/v1/product/10270890
10270891;https://www.nexans.es/.rest/redirect/v1/product/10270891
10270892;https://www.nexans.es/.rest/redirect/v1/product/10270892
10270893;https://www.nexans.es/.rest/redirect/v1/product/10270893
10270894;https://www.nexans.es/.rest/redirect/v1/product/10270894
10270896;https://www.nexans.es/.rest/redirect/v1/product/10270896
10270992;https://www.nexans.es/.rest/redirect/v1/product/10270992
10271797;https://www.nexans.es/.rest/redirect/v1/product/10271797
10271799;https://www.nexans.es/.rest/redirect/v1/product/10271799
10271800;https://www.nexans.es/.rest/redirect/v1/product/10271800
10271801;https://www.nexans.es/.rest/redirect/v1/product/10271801
10271804;https://www.nexans.es/.rest/redirect/v1/product/10271804
10272202;https://www.nexans.es/.rest/redirect/v1/product/10272202
10272203;https://www.nexans.es/.rest/redirect/v1/product/10272203
10272237;https://www.nexans.es/.rest/redirect/v1/product/10272237
10272238;https://www.nexans.es/.rest/redirect/v1/product/10272238
10272240;https://www.nexans.es/.rest/redirect/v1/product/10272240
10272241;https://www.nexans.es/.rest/redirect/v1/product/10272241
10272242;https://www.nexans.es/.rest/redirect/v1/product/10272242
10272243;https://www.nexans.es/.rest/redirect/v1/product/10272243
10272254;https://www.nexans.es/.rest/redirect/v1/product/10272254
10272255;https://www.nexans.es/.rest/redirect/v1/product/10272255
10272257;https://www.nexans.es/.rest/redirect/v1/product/10272257
10272260;https://www.nexans.es/.rest/redirect/v1/product/10272260
10272263;https://www.nexans.es/.rest/redirect/v1/product/10272263
10272268;https://www.nexans.es/.rest/redirect/v1/product/10272268
10272269;https://www.nexans.es/.rest/redirect/v1/product/10272269
10272273;https://www.nexans.es/.rest/redirect/v1/product/10272273
10272937;https://www.nexans.es/.rest/redirect/v1/product/10272937
10272939;https://www.nexans.es/.rest/redirect/v1/product/10272939
10272940;https://www.nexans.es/.rest/redirect/v1/product/10272940
10273795;https://www.nexans.es/.rest/redirect/v1/product/10273795
10273796;https://www.nexans.es/.rest/redirect/v1/product/10273796
10273797;https://www.nexans.es/.rest/redirect/v1/product/10273797
10273890;https://www.nexans.es/.rest/redirect/v1/product/10273890
10273891;https://www.nexans.es/.rest/redirect/v1/product/10273891
10273892;https://www.nexans.es/.rest/redirect/v1/product/10273892
10273893;https://www.nexans.es/.rest/redirect/v1/product/10273893
10273894;https://www.nexans.es/.rest/redirect/v1/product/10273894
10273898;https://www.nexans.es/.rest/redirect/v1/product/10273898
10273899;https://www.nexans.es/.rest/redirect/v1/product/10273899
10273900;https://www.nexans.es/.rest/redirect/v1/product/10273900
10273901;https://www.nexans.es/.rest/redirect/v1/product/10273901
10273902;https://www.nexans.es/.rest/redirect/v1/product/10273902
10273904;https://www.nexans.es/.rest/redirect/v1/product/10273904
10273905;https://www.nexans.es/.rest/redirect/v1/product/10273905
10273906;https://www.nexans.es/.rest/redirect/v1/product/10273906
10273907;https://www.nexans.es/.rest/redirect/v1/product/10273907
10273908;https://www.nexans.es/.rest/redirect/v1/product/10273908
10273909;https://www.nexans.es/.rest/redirect/v1/product/10273909
10273910;https://www.nexans.es/.rest/redirect/v1/product/10273910
10273911;https://www.nexans.es/.rest/redirect/v1/product/10273911
10273912;https://www.nexans.es/.rest/redirect/v1/product/10273912
10273913;https://www.nexans.es/.rest/redirect/v1/product/10273913
10273914;https://www.nexans.es/.rest/redirect/v1/product/10273914
10273915;https://www.nexans.es/.rest/redirect/v1/product/10273915
10273924;https://www.nexans.es/.rest/redirect/v1/product/10273924
10273925;https://www.nexans.es/.rest/redirect/v1/product/10273925
10273926;https://www.nexans.es/.rest/redirect/v1/product/10273926
10273927;https://www.nexans.es/.rest/redirect/v1/product/10273927
10273928;https://www.nexans.es/.rest/redirect/v1/product/10273928
10273929;https://www.nexans.es/.rest/redirect/v1/product/10273929
10273930;https://www.nexans.es/.rest/redirect/v1/product/10273930
10273931;https://www.nexans.es/.rest/redirect/v1/product/10273931
10273932;https://www.nexans.es/.rest/redirect/v1/product/10273932
10273934;https://www.nexans.es/.rest/redirect/v1/product/10273934
10273935;https://www.nexans.es/.rest/redirect/v1/product/10273935
10274816;https://www.nexans.es/.rest/redirect/v1/product/10274816
10274818;https://www.nexans.es/.rest/redirect/v1/product/10274818
10274820;https://www.nexans.es/.rest/redirect/v1/product/10274820
10274821;https://www.nexans.es/.rest/redirect/v1/product/10274821
10274822;https://www.nexans.es/.rest/redirect/v1/product/10274822
10274823;https://www.nexans.es/.rest/redirect/v1/product/10274823
10274864;https://www.nexans.es/.rest/redirect/v1/product/10274864
10274865;https://www.nexans.es/.rest/redirect/v1/product/10274865
10274866;https://www.nexans.es/.rest/redirect/v1/product/10274866
10274867;https://www.nexans.es/.rest/redirect/v1/product/10274867
10274868;https://www.nexans.es/.rest/redirect/v1/product/10274868
10274869;https://www.nexans.es/.rest/redirect/v1/product/10274869
10274870;https://www.nexans.es/.rest/redirect/v1/product/10274870
10274871;https://www.nexans.es/.rest/redirect/v1/product/10274871
10274872;https://www.nexans.es/.rest/redirect/v1/product/10274872
10275671;https://www.nexans.es/.rest/redirect/v1/product/10275671
10275673;https://www.nexans.es/.rest/redirect/v1/product/10275673
10276585;https://www.nexans.es/.rest/redirect/v1/product/10276585
10277030;https://www.nexans.es/.rest/redirect/v1/product/10277030
10277031;https://www.nexans.es/.rest/redirect/v1/product/10277031
10277150;https://www.nexans.es/.rest/redirect/v1/product/10277150
10277151;https://www.nexans.es/.rest/redirect/v1/product/10277151
10278138;https://www.nexans.es/.rest/redirect/v1/product/10278138
10278361;https://www.nexans.es/.rest/redirect/v1/product/10278361
10278362;https://www.nexans.es/.rest/redirect/v1/product/10278362
10278363;https://www.nexans.es/.rest/redirect/v1/product/10278363
10278384;https://www.nexans.es/.rest/redirect/v1/product/10278384
10278385;https://www.nexans.es/.rest/redirect/v1/product/10278385
10279405;https://www.nexans.es/.rest/redirect/v1/product/10279405
10279406;https://www.nexans.es/.rest/redirect/v1/product/10279406
10279407;https://www.nexans.es/.rest/redirect/v1/product/10279407
10279408;https://www.nexans.es/.rest/redirect/v1/product/10279408
10280495;https://www.nexans.es/.rest/redirect/v1/product/10280495
10280496;https://www.nexans.es/.rest/redirect/v1/product/10280496
10280497;https://www.nexans.es/.rest/redirect/v1/product/10280497
10283819;https://www.nexans.es/.rest/redirect/v1/product/10283819
10283889;https://www.nexans.es/.rest/redirect/v1/product/10283889
10284346;https://www.nexans.es/.rest/redirect/v1/product/10284346
10285249;https://www.nexans.es/.rest/redirect/v1/product/10285249
10285294;https://www.nexans.es/.rest/redirect/v1/product/10285294
10285295;https://www.nexans.es/.rest/redirect/v1/product/10285295
10285296;https://www.nexans.es/.rest/redirect/v1/product/10285296
10285297;https://www.nexans.es/.rest/redirect/v1/product/10285297
10285298;https://www.nexans.es/.rest/redirect/v1/product/10285298
10285470;https://www.nexans.es/.rest/redirect/v1/product/10285470
10285471;https://www.nexans.es/.rest/redirect/v1/product/10285471
10285472;https://www.nexans.es/.rest/redirect/v1/product/10285472
10285499;https://www.nexans.es/.rest/redirect/v1/product/10285499
10285500;https://www.nexans.es/.rest/redirect/v1/product/10285500
10285501;https://www.nexans.es/.rest/redirect/v1/product/10285501
10285503;https://www.nexans.es/.rest/redirect/v1/product/10285503
10285505;https://www.nexans.es/.rest/redirect/v1/product/10285505
10285506;https://www.nexans.es/.rest/redirect/v1/product/10285506
10285507;https://www.nexans.es/.rest/redirect/v1/product/10285507
10285509;https://www.nexans.es/.rest/redirect/v1/product/10285509
10285510;https://www.nexans.es/.rest/redirect/v1/product/10285510
10285515;https://www.nexans.es/.rest/redirect/v1/product/10285515
10286736;https://www.nexans.es/.rest/redirect/v1/product/10286736
10286782;https://www.nexans.es/.rest/redirect/v1/product/10286782
10286783;https://www.nexans.es/.rest/redirect/v1/product/10286783
10286790;https://www.nexans.es/.rest/redirect/v1/product/10286790
10286792;https://www.nexans.es/.rest/redirect/v1/product/10286792
10286793;https://www.nexans.es/.rest/redirect/v1/product/10286793
10286794;https://www.nexans.es/.rest/redirect/v1/product/10286794
10286795;https://www.nexans.es/.rest/redirect/v1/product/10286795
10286796;https://www.nexans.es/.rest/redirect/v1/product/10286796
10286797;https://www.nexans.es/.rest/redirect/v1/product/10286797
10286798;https://www.nexans.es/.rest/redirect/v1/product/10286798
10286799;https://www.nexans.es/.rest/redirect/v1/product/10286799
10286800;https://www.nexans.es/.rest/redirect/v1/product/10286800
10286801;https://www.nexans.es/.rest/redirect/v1/product/10286801
10286802;https://www.nexans.es/.rest/redirect/v1/product/10286802
10286803;https://www.nexans.es/.rest/redirect/v1/product/10286803
10286804;https://www.nexans.es/.rest/redirect/v1/product/10286804
10286805;https://www.nexans.es/.rest/redirect/v1/product/10286805
10286806;https://www.nexans.es/.rest/redirect/v1/product/10286806
10286807;https://www.nexans.es/.rest/redirect/v1/product/10286807
10286808;https://www.nexans.es/.rest/redirect/v1/product/10286808
10286809;https://www.nexans.es/.rest/redirect/v1/product/10286809
10286810;https://www.nexans.es/.rest/redirect/v1/product/10286810
10286814;https://www.nexans.es/.rest/redirect/v1/product/10286814
10286815;https://www.nexans.es/.rest/redirect/v1/product/10286815
10286816;https://www.nexans.es/.rest/redirect/v1/product/10286816
10286817;https://www.nexans.es/.rest/redirect/v1/product/10286817
10286818;https://www.nexans.es/.rest/redirect/v1/product/10286818
10286819;https://www.nexans.es/.rest/redirect/v1/product/10286819
10286820;https://www.nexans.es/.rest/redirect/v1/product/10286820
10286821;https://www.nexans.es/.rest/redirect/v1/product/10286821
10286822;https://www.nexans.es/.rest/redirect/v1/product/10286822
10286823;https://www.nexans.es/.rest/redirect/v1/product/10286823
10286824;https://www.nexans.es/.rest/redirect/v1/product/10286824
10286825;https://www.nexans.es/.rest/redirect/v1/product/10286825
10286826;https://www.nexans.es/.rest/redirect/v1/product/10286826
10286827;https://www.nexans.es/.rest/redirect/v1/product/10286827
10286828;https://www.nexans.es/.rest/redirect/v1/product/10286828
10286829;https://www.nexans.es/.rest/redirect/v1/product/10286829
10286830;https://www.nexans.es/.rest/redirect/v1/product/10286830
10286831;https://www.nexans.es/.rest/redirect/v1/product/10286831
10286832;https://www.nexans.es/.rest/redirect/v1/product/10286832
10287071;https://www.nexans.es/.rest/redirect/v1/product/10287071
10287193;https://www.nexans.es/.rest/redirect/v1/product/10287193
10287523;https://www.nexans.es/.rest/redirect/v1/product/10287523
10287530;https://www.nexans.es/.rest/redirect/v1/product/10287530
10287533;https://www.nexans.es/.rest/redirect/v1/product/10287533
10287535;https://www.nexans.es/.rest/redirect/v1/product/10287535
10287543;https://www.nexans.es/.rest/redirect/v1/product/10287543
10287545;https://www.nexans.es/.rest/redirect/v1/product/10287545
10287554;https://www.nexans.es/.rest/redirect/v1/product/10287554
10287628;https://www.nexans.es/.rest/redirect/v1/product/10287628
10287629;https://www.nexans.es/.rest/redirect/v1/product/10287629
10287646;https://www.nexans.es/.rest/redirect/v1/product/10287646
10287647;https://www.nexans.es/.rest/redirect/v1/product/10287647
10287648;https://www.nexans.es/.rest/redirect/v1/product/10287648
10287649;https://www.nexans.es/.rest/redirect/v1/product/10287649
10287652;https://www.nexans.es/.rest/redirect/v1/product/10287652
10287653;https://www.nexans.es/.rest/redirect/v1/product/10287653
10287654;https://www.nexans.es/.rest/redirect/v1/product/10287654
10287655;https://www.nexans.es/.rest/redirect/v1/product/10287655
10287657;https://www.nexans.es/.rest/redirect/v1/product/10287657
10287658;https://www.nexans.es/.rest/redirect/v1/product/10287658
10287659;https://www.nexans.es/.rest/redirect/v1/product/10287659
10287661;https://www.nexans.es/.rest/redirect/v1/product/10287661
10287662;https://www.nexans.es/.rest/redirect/v1/product/10287662
10287663;https://www.nexans.es/.rest/redirect/v1/product/10287663
10287664;https://www.nexans.es/.rest/redirect/v1/product/10287664
10287665;https://www.nexans.es/.rest/redirect/v1/product/10287665
10287722;https://www.nexans.es/.rest/redirect/v1/product/10287722
10287723;https://www.nexans.es/.rest/redirect/v1/product/10287723
20055055;https://www.nexans.es/.rest/redirect/v1/product/20055055
20055157;https://www.nexans.es/.rest/redirect/v1/product/20055157
20146984;https://www.nexans.es/.rest/redirect/v1/product/20146984
20146986;https://www.nexans.es/.rest/redirect/v1/product/20146986
20229902;https://www.nexans.es/.rest/redirect/v1/product/20229902
20229944;https://www.nexans.es/.rest/redirect/v1/product/20229944
20229945;https://www.nexans.es/.rest/redirect/v1/product/20229945
20229946;https://www.nexans.es/.rest/redirect/v1/product/20229946
20239429;https://www.nexans.es/.rest/redirect/v1/product/20239429
20239797;https://www.nexans.es/.rest/redirect/v1/product/20239797
